--export=ALL,N=0
--export=ALL,N=10
--export=ALL,N=20
--export=ALL,N=30
--export=ALL,N=40
--export=ALL,N=50
--export=ALL,N=60
--export=ALL,N=70
--export=ALL,N=80
--export=ALL,N=90
--export=ALL,N=100
--export=ALL,N=110
--export=ALL,N=120
--export=ALL,N=130
--export=ALL,N=140
--export=ALL,N=150
--export=ALL,N=160
--export=ALL,N=170
--export=ALL,N=180
--export=ALL,N=190
--export=ALL,N=200
--export=ALL,N=210
--export=ALL,N=220
--export=ALL,N=230
--export=ALL,N=240
--export=ALL,N=250
--export=ALL,N=260
--export=ALL,N=270
--export=ALL,N=280
--export=ALL,N=290
--export=ALL,N=300
--export=ALL,N=310
--export=ALL,N=320
--export=ALL,N=330
--export=ALL,N=340
--export=ALL,N=350
--export=ALL,N=360
--export=ALL,N=370
--export=ALL,N=380
--export=ALL,N=390
--export=ALL,N=400
--export=ALL,N=410
--export=ALL,N=420
--export=ALL,N=430
--export=ALL,N=440
--export=ALL,N=450
--export=ALL,N=460
--export=ALL,N=470
--export=ALL,N=480
--export=ALL,N=490
--export=ALL,N=500
--export=ALL,N=510
--export=ALL,N=520
--export=ALL,N=530
--export=ALL,N=540
--export=ALL,N=550
--export=ALL,N=560
--export=ALL,N=570
--export=ALL,N=580
--export=ALL,N=590
--export=ALL,N=600
--export=ALL,N=610
--export=ALL,N=620
--export=ALL,N=630
--export=ALL,N=640
--export=ALL,N=650
--export=ALL,N=660
--export=ALL,N=670
--export=ALL,N=680
--export=ALL,N=690
--export=ALL,N=700
--export=ALL,N=710
--export=ALL,N=720
--export=ALL,N=730
--export=ALL,N=740
--export=ALL,N=750
--export=ALL,N=760
--export=ALL,N=770
--export=ALL,N=780
--export=ALL,N=790
--export=ALL,N=800
--export=ALL,N=810
--export=ALL,N=820
--export=ALL,N=830
--export=ALL,N=840
--export=ALL,N=850
--export=ALL,N=860
--export=ALL,N=870
--export=ALL,N=880
--export=ALL,N=890
--export=ALL,N=900
--export=ALL,N=910
--export=ALL,N=920
--export=ALL,N=930
--export=ALL,N=940
--export=ALL,N=950
--export=ALL,N=960
--export=ALL,N=970
--export=ALL,N=980
--export=ALL,N=990
--export=ALL,N=1000
